"","scrubbed_genus","species","avg_petiole_width","avg_LMA","avg_LA","log_lma","log_pet_leafarea","class","superorder","order","scrubbed_family","count"
"1","Cinnamomum","camphora",1.46,91.4,1878.7,4.5152454784601,-6.78146245583276,"Equisetopsida","Magnolianae","Laurales","Lauraceae",8
"2","Nyssa","aquatica",1.35,35.7,4966.6,3.57515068878559,-7.91028159545589,"Equisetopsida","Asteranae","Cornales","Cornaceae",7
"3","Pimelea","sp",0.74,239.6,46.6,5.47897086624129,-4.44381072669944,"Equisetopsida","Rosanae","Malvales","Thymelaeaceae",7
"4","Rhododendron","sp",1.44,105.2,1716.8,4.65586330030361,-6.71893114470062,"Equisetopsida","Asteranae","Ericales","Ericaceae",25
"5","Spiraea","sp",0.6,98.7,203.8,4.59208494643944,-6.33879036832061,"Equisetopsida","Rosanae","Rosales","Rosaceae",13
"6","Spiraea","sp",0.97,42.9,1083.3,3.75887182593397,-7.04868563192094,"Equisetopsida","Rosanae","Rosales","Rosaceae",13
"7","Acacia","doratoxylon",1.48,268.8,858.1,5.59396760864899,-5.97063646726103,"Equisetopsida","Rosanae","Fabales","Fabaceae",32
"8","Acacia","elongate",1.66,118.1,555.4,4.77153172320332,-5.3060533701358,"Equisetopsida","Rosanae","Fabales","Fabaceae",32
"9","Acacia","koa",1.83,159,1738,5.06890420222023,-6.25185837211868,"Equisetopsida","Rosanae","Fabales","Fabaceae",32
"10","Acacia","melanoxylon",1.56,148,1464.3,4.99721227376411,-6.39976094903832,"Equisetopsida","Rosanae","Fabales","Fabaceae",32
"11","Acacia","mucronata",1.12,289,96.2,5.66642668811243,-4.33977198705765,"Equisetopsida","Rosanae","Fabales","Fabaceae",32
"12","Acacia","nigrescens",0.9,103.3,213,4.63763737612559,-5.57201319702508,"Equisetopsida","Rosanae","Fabales","Fabaceae",32
"13","Acacia","oswaldii",0.59,381.2,116.2,5.94332417178005,-5.81057832858255,"Equisetopsida","Rosanae","Fabales","Fabaceae",32
"14","Acacia","suaveolens",1.2,238.2,279.3,5.4731106569212,-5.26764335936322,"Equisetopsida","Rosanae","Fabales","Fabaceae",32
"15","Acacia","willhelmiana",0.48,212.2,12.9,5.35752922617988,-4.02516566152803,"Equisetopsida","Rosanae","Fabales","Fabaceae",32
"16","Acer","campestre",1.5,39.2,2909.1,3.66867674679642,-7.16466881776228,"Equisetopsida","Rosanae","Sapindales","Sapindaceae",13
"17","Acer","negundo",0.97,58.25,2212.45,4.06474409244581,-7.76277419272609,"Equisetopsida","Rosanae","Sapindales","Sapindaceae",13
"18","Acer","pensylvanicum",2.062,37.22,10909.14,3.6168462512141,-7.85000347776615,"Equisetopsida","Rosanae","Sapindales","Sapindaceae",13
"19","Acer","pseudoplatanus",1.23,55.1,6305.1,4.00914971615887,-8.33508576993282,"Equisetopsida","Rosanae","Sapindales","Sapindaceae",13
"20","Acer","rubrum",1.26666666666667,59.95,3552.575,4.09351088147352,-7.70265041551298,"Equisetopsida","Rosanae","Sapindales","Sapindaceae",13
"21","Acer","saccharum",1.136,51.48,4980.14,3.94119338272793,-8.25818664147543,"Equisetopsida","Rosanae","Sapindales","Sapindaceae",13
"22","Acmena","graveolens",3.2,138.7,6123.5,4.93231332732079,-6.39358748784998,"Equisetopsida","Rosanae","Myrtales","Myrtaceae",42
"23","Adelia","triloba",0.49,33.6,535.2,3.51452606696916,-7.70934028456895,"Equisetopsida","Rosanae","Malpighiales","Euphorbiaceae",12
"24","Adelia","triloba",0.49,33.6,535.2,3.51452606696916,-7.70934028456895,"Equisetopsida","Asteranae","Lamiales","Oleaceae",12
"25","Aegiphila","panamensis",0.92,74.1,2546.8,4.30541553230204,-8.00935616602097,"Equisetopsida","Asteranae","Lamiales","Lamiaceae",4
"26","Agastachys","odorata",2.26,289.2,431.65,5.66711849028461,-4.43688544811314,"Equisetopsida","Proteanae","Proteales","Proteaceae",25
"27","Agonis","flexuosa",0.79,102.1,350.4,4.62595272517062,-6.33052002610438,"Equisetopsida","Rosanae","Myrtales","Myrtaceae",42
"28","Alchornea","castanaefolium",2.2,82.3,2429.9,4.41037110768302,-6.2186906624959,"Equisetopsida","Rosanae","Malpighiales","Euphorbiaceae",12
"29","Alectryon","excelsus",1.08,119.7,1483.6,4.78498861256393,-7.14830476334318,"Equisetopsida","Rosanae","Sapindales","Sapindaceae",13
"30","Alphitonia","excelsa",1.5,125.4,1490.7,4.83150862819882,-6.49607087106006,"Equisetopsida","Rosanae","Rosales","Rhamnaceae",5
"31","Alseis","blackiana",0.97,32.4,11467.4,3.47815842279828,-9.40818192110623,"Equisetopsida","Asteranae","Gentianales","Rubiaceae",11
"32","Amelanchier","arborea",0.77,29.8,3044.5,3.39450839351136,-8.54382149131744,"Equisetopsida","Rosanae","Rosales","Rosaceae",13
"33","Amelanchier","laevis",0.73,59,1889.7,4.07753744390572,-8.17359485497539,"Equisetopsida","Rosanae","Rosales","Rosaceae",13
"34","Amorpha","fruticosa",0.39,90.6,220.8,4.50645421304893,-7.28047439411983,"Equisetopsida","Rosanae","Fabales","Fabaceae",32
"35","Amorpha","sp",0.69,27.3,733.9,3.30688670219091,-7.34050014233268,"Equisetopsida","Rosanae","Fabales","Fabaceae",32
"36","Annona","acuminata",0.59,64.3,496.5,4.16355963124357,-7.26284896764997,"Equisetopsida","Magnolianae","Magnoliales","Annonaceae",7
"37","Annona","glabra",2.38,89,3823.9,4.48863636973214,-6.51482514783498,"Equisetopsida","Magnolianae","Magnoliales","Annonaceae",7
"38","Arbutus","unedo",1.41,64.1,1138.1,4.16044436392662,-6.34993607550769,"Equisetopsida","Asteranae","Ericales","Ericaceae",25
"39","Archeria","serpyllifolia",0.97,227.8,11.9,5.42846805101308,-2.5374568150869,"Equisetopsida","Asteranae","Ericales","Ericaceae",25
"40","Ardisia","escallonoides",1.87,101.3,2573.6,4.61808641125464,-6.60118411419183,"Equisetopsida","Asteranae","Ericales","Ericaceae",25
"41","Argyrodendron","actinophyllum",1.89,71.6,3707.7,4.2710950739666,-6.9450133591207,"Equisetopsida","Rosanae","Malvales","Malvaceae",9
"42","Argyrodendron","trifoliatum",1.53,90.8,2056.8,4.50865928560725,-6.77837118514299,"Equisetopsida","Rosanae","Malvales","Malvaceae",9
"43","Aspidosperma","cruenta",1.52,135.4,3798.2,4.90823336047817,-7.40486187956377,"Equisetopsida","Asteranae","Gentianales","Apocynaceae",5
"44","Astrotricha","floccosa",1.77,61.6,2905.6,4.12066187053947,-6.8324360952355,"Equisetopsida","Asteranae","Apiales","Araliaceae",5
"45","Baeckea","sp",0.63,603.3,12.1,6.40241458544672,-3.41727637179581,"Equisetopsida","Rosanae","Myrtales","Myrtaceae",42
"46","Baloghia","inophylla",3.1,126.2,6577,4.83786795010711,-6.52852977031915,"Equisetopsida","Rosanae","Malpighiales","Euphorbiaceae",12
"47","Banksia","attenuata",1.3,255.5,489.6,5.54322240964376,-5.66886020226313,"Equisetopsida","Proteanae","Proteales","Proteaceae",25
"48","Banksia","attenuata",1.3,255.5,489.6,5.54322240964376,-5.66886020226313,"Equisetopsida","Rosanae","Malvales","Thymelaeaceae",7
"49","Banksia","grandis",3.51,220.3,13843.9,5.3949902538083,-7.02436790642774,"Equisetopsida","Proteanae","Proteales","Proteaceae",25
"50","Banksia","grandis",3.51,220.3,13843.9,5.3949902538083,-7.02436790642774,"Equisetopsida","Rosanae","Malvales","Thymelaeaceae",7
"51","Banksia","ilicifolia",2.58,307.2,1885.3,5.72749900127352,-5.64626344054548,"Equisetopsida","Proteanae","Proteales","Proteaceae",25
"52","Banksia","ilicifolia",2.58,307.2,1885.3,5.72749900127352,-5.64626344054548,"Equisetopsida","Rosanae","Malvales","Thymelaeaceae",7
"53","Banksia","marginata",1.05,189,184.6,5.24174701505964,-5.12061099372989,"Equisetopsida","Proteanae","Proteales","Proteaceae",25
"54","Banksia","marginata",1.05,189,184.6,5.24174701505964,-5.12061099372989,"Equisetopsida","Rosanae","Malvales","Thymelaeaceae",7
"55","Bedfordia","salicina",2.18,118.5,1169.3,4.77491296057519,-5.50551080454428,"Equisetopsida","Asteranae","Asterales","Asteraceae",11
"56","Beilschmiedia","tawa",1.28,164,1046,5.0998664278242,-6.45900848876182,"Equisetopsida","Magnolianae","Laurales","Lauraceae",8
"57","Bellendena","montana",1.11,219.1,117.5,5.38952824660142,-4.55771830293573,"Equisetopsida","Proteanae","Proteales","Proteaceae",25
"58","Berchemia","scandens",0.6,50.5,857,3.92197333628131,-7.77508916612976,"Equisetopsida","Rosanae","Rosales","Rhamnaceae",5
"59","Berlinia","grandifolia",3.6,82.8,21680,4.41642806139121,-7.42227776462945,"Equisetopsida","Rosanae","Fabales","Fabaceae",32
"60","Betula","alleghaniensis",1.2225,42.275,2866.25,3.74419589478464,-7.55896394943833,"Equisetopsida","Rosanae","Fagales","Betulaceae",7
"61","Betula","lenta",1.01,42.4666666666667,3411.06666666667,3.74871945446995,-8.11487966513189,"Equisetopsida","Rosanae","Fagales","Betulaceae",7
"62","Betula","nigra",0.905,72.7,1389.45,4.28634138453947,-7.43630393493257,"Equisetopsida","Rosanae","Fagales","Betulaceae",7
"63","Betula","papyrifera",1.22,67.9,2328.56666666667,4.21803603456465,-7.35530647525734,"Equisetopsida","Rosanae","Fagales","Betulaceae",7
"64","Betula","populifolia",0.923333333333333,64.8666666666667,1716.9,4.1723338810838,-7.60780555502089,"Equisetopsida","Rosanae","Fagales","Betulaceae",7
"65","Beyeria","opaca",0.35,163.7,30.8,5.09803548437709,-5.52715893897688,"Equisetopsida","Rosanae","Malpighiales","Euphorbiaceae",12
"66","Beyeria","viscosa",1.06,145.6,284.8,4.98086313576259,-5.53524936328987,"Equisetopsida","Rosanae","Malpighiales","Euphorbiaceae",12
"67","Boronia","ledifolia",0.7,214.1,59.9,5.36644319559564,-4.80602639299887,"Equisetopsida","Rosanae","Sapindales","Rutaceae",10
"68","Brachychiton","populneus",1.25,142.6,971.4,4.9600435079802,-6.43245122728322,"Equisetopsida","Rosanae","Malvales","Malvaceae",9
"69","Brosimum","alicastrum",1.99,54,4664,3.98898404656427,-7.07135945055753,"Equisetopsida","Rosanae","Rosales","Moraceae",9
"70","Bursaria","spinosa",1,147.3,167.5,4.99247132346858,-5.12098335126512,"Equisetopsida","Asteranae","Apiales","Pittosporaceae",4
"71","Bursera","simaruba",0.88,90.2,1218.5,4.50202942706858,-7.36104261608503,"Equisetopsida","Rosanae","Sapindales","Burseraceae",5
"72","Caesalpinia","eriostachys",0.2,37.1,66.9,3.61361696961339,-7.42207479200238,"Equisetopsida","Rosanae","Fabales","Fabaceae",32
"73","Callicarpa","americana",1.18,55.8666666666667,3787.06666666667,4.02296789937987,-7.90831815487585,"Equisetopsida","Asteranae","Lamiales","Lamiaceae",4
"74","Capparis","sp",1.5,68.9,2229.5,4.23265617801961,-6.8986024078512,"Equisetopsida","Rosanae","Brassicales","Asteraceae",11
"75","Cardwellia","sublimis",2,130.4,4120.5,4.87060664949255,-6.93743543308355,"Equisetopsida","Proteanae","Proteales","Proteaceae",25
"76","Carpinus","caroliniana",0.708571428571429,48.3428571428571,1926.04285714286,3.87831847867675,-8.25223166063887,"Equisetopsida","Rosanae","Fagales","Betulaceae",7
"77","Carya","glabra",1.03666666666667,67.3666666666667,2798.7,4.21015033574147,-7.86488942758896,"Equisetopsida","Rosanae","Fagales","Juglandaceae",5
"78","Carya","illinoinensis",0.73,42,1664.8,3.73766961828337,-8.04688176475883,"Equisetopsida","Rosanae","Fagales","Juglandaceae",5
"79","Carya","ovalis",1.38,46.9,4068.6,3.84801767545223,-7.66688724057962,"Equisetopsida","Rosanae","Fagales","Juglandaceae",5
"80","Carya","ovata",1.7,42.2,7702.4,3.74242022104197,-7.88803074546441,"Equisetopsida","Rosanae","Fagales","Juglandaceae",5
"81","Carya","tomentosa",1.945,55.6,6005.45,4.01818320125654,-7.36989871511763,"Equisetopsida","Rosanae","Fagales","Juglandaceae",5
"82","Casearia","sylvestris",1.27,67,4328.4,4.20469261939097,-7.89491943675649,"Equisetopsida","Rosanae","Malpighiales","Salicaceae",9
"83","Casimiroa","greggii",1.4,127,2645.7,4.84418708645859,-7.20774648631982,"Equisetopsida","Rosanae","Sapindales","Rutaceae",10
"84","Castanea","dentata",1.25,49.1,7394.55,3.89385903480047,-8.46221141873795,"Equisetopsida","Rosanae","Fagales","Fagaceae",24
"85","Ceanothus","thyrsiflorus",0.86,174.1,425.6,5.15962984677414,-6.3551457174966,"Equisetopsida","Rosanae","Rosales","Rhamnaceae",5
"86","Ceiba","pentandra",1.63,102.8,2671.2,4.63278535302106,-6.9131230589921,"Equisetopsida","Rosanae","Malvales","Malvaceae",9
"87","Celtis","australis",1.74,38.8,11200.1,3.65842024662923,-8.21590775936188,"Equisetopsida","Rosanae","Rosales","Cannabaceae",4
"88","Celtis","laevigata",1.19,87.4,1361.6,4.47049528266149,-6.86850914357223,"Equisetopsida","Rosanae","Rosales","Cannabaceae",4
"89","Celtis","schippii",0.79,44.8,2273.2,3.80220813942094,-8.20038847646511,"Equisetopsida","Rosanae","Rosales","Cannabaceae",4
"90","Cenarrhenes","nitida",2.245,281.05,1462.7,5.63853258944808,-5.67062827950461,"Equisetopsida","Proteanae","Proteales","Proteaceae",25
"91","Cercis","canadensis",2.13,37.8,7878.9,3.63230910262554,-7.45969961975649,"Equisetopsida","Rosanae","Fabales","Fabaceae",32
"92","Cercis","siliquastrum",2.44,64.3,7425.1,4.16355963124357,-7.12862535298345,"Equisetopsida","Rosanae","Fabales","Fabaceae",32
"93","Chamaesyce","atrococca",0.64,92.6,2225,4.52828914165213,-8.60008639985718,"Equisetopsida","Rosanae","Malpighiales","Euphorbiaceae",12
"94","Chamaesyce","remyi",1.26,108.2,6520.3,4.68398136641238,-8.32045222420533,"Equisetopsida","Rosanae","Malpighiales","Euphorbiaceae",12
"95","Cheirodendron","platyphyllum",1,76,4360,4.33073334028633,-8.38022733634308,"Equisetopsida","Asteranae","Apiales","Araliaceae",5
"96","Chionanthus","virginicus",1.405,44.25,7111,3.78985537145394,-8.1893235543121,"Equisetopsida","Asteranae","Lamiales","Oleaceae",12
"97","Chuquiraga","avellanedae",2.1,438.3,67.1,6.08290360742476,-2.72230935451888,"Equisetopsida","Asteranae","Asterales","Asteraceae",11
"98","Coprosma","grandifolia",2.36,96.3,2744,4.56746831880408,-6.19984875077074,"Equisetopsida","Asteranae","Gentianales","Rubiaceae",11
"99","Coprosma","robusta",2.09,135.6,1802.1,4.90970937550629,-6.02237979857079,"Equisetopsida","Asteranae","Gentianales","Rubiaceae",11
"100","Cornus","alternifolia",1.15,50.4,2042.1,3.91999117507732,-7.3422100843717,"Equisetopsida","Asteranae","Cornales","Cornaceae",7
"101","Cornus","florida",1.136,49.72,3217.82,3.90640726664251,-7.82143275002639,"Equisetopsida","Asteranae","Cornales","Cornaceae",7
"102","Cornus","obliqua",1.38,129.2,851.2,4.8613615913485,-6.10248012024915,"Equisetopsida","Asteranae","Cornales","Cornaceae",7
"103","Correa","reflexa",0.6,98.7,208.9,4.59208494643944,-6.3635069160945,"Equisetopsida","Rosanae","Sapindales","Rutaceae",10
"104","Corymbia","gummifera",2.08,259.4,1089.3,5.55837127188234,-5.52855477966195,"Equisetopsida","Rosanae","Myrtales","Myrtaceae",42
"105","Corymbia","maculata",1.8,137,2709.2,4.91998092582813,-6.72883533753651,"Equisetopsida","Rosanae","Myrtales","Myrtaceae",42
"106","Corymbia","opaca",1.3,260.2,776.4,5.56145056607841,-6.12993932235987,"Equisetopsida","Rosanae","Myrtales","Myrtaceae",42
"107","Coussarea","curvigemmia",2.49,51.6,3527.9,3.94352167248752,-6.34389265110053,"Equisetopsida","Asteranae","Gentianales","Rubiaceae",11
"108","Crataegus","sp",0.755,65.6,940.7,4.18357569595004,-7.40869933844413,"Equisetopsida","Rosanae","Rosales","Rosaceae",13
"109","Crataegus","sp",0.89,66.7,610.3,4.20020495292158,-6.64701827206235,"Equisetopsida","Rosanae","Rosales","Rosaceae",13
"110","Crataegus","sp",0.77,87.8,544.9,4.47506150064107,-6.82333181985787,"Equisetopsida","Rosanae","Rosales","Rosaceae",13
"111","Croton","bibergianius",1.81,58.4,13656.2,4.06731588983418,-8.3352952193886,"Equisetopsida","Rosanae","Malpighiales","Euphorbiaceae",12
"112","Cupania","sylvatica",0.67,41.5,1434.4,3.72569342723665,-8.06945705548517,"Equisetopsida","Rosanae","Sapindales","Sapindaceae",13
"113","Cupaniopsis","anacardioides",1.7,82.4,4139.8,4.41158543691543,-7.26714625434935,"Equisetopsida","Rosanae","Sapindales","Sapindaceae",13
"114","Dendropanax","arboreus",1.17,79,2681.1,4.36944785246702,-7.57997493943613,"Equisetopsida","Asteranae","Apiales","Araliaceae",5
"115","Desmopsis","panamensis",1.42,45.2,3746.4,3.81109708683819,-7.52723691464299,"Equisetopsida","Magnolianae","Magnoliales","Annonaceae",7
"116","Dialium","pachyphyllum",1.9,46.4,6382.8,3.83729945923221,-7.47765437919148,"Equisetopsida","Rosanae","Fabales","Fabaceae",32
"117","Diospyros","abyssinica",1.1,65,2172.7,4.17438726989564,-7.49310555313255,"Equisetopsida","Asteranae","Ericales","Ebenaceae",5
"118","Diospyros","sp",1.8,85.6,4887.7,4.4496852831477,-7.31890379436827,"Equisetopsida","Asteranae","Ericales","Ebenaceae",5
"119","Diospyros","texana",0.8,72.4,234.9,4.28220629939167,-5.90544699429329,"Equisetopsida","Asteranae","Ericales","Ebenaceae",5
"120","Diospyros","virginiana",1.1,61.45,2216.55,4.11822383601204,-7.5130868524091,"Equisetopsida","Asteranae","Ericales","Ebenaceae",5
"121","Dodonaea","viscosa",1.26,93.8,882.6,4.54116485601218,-6.32064865490867,"Equisetopsida","Rosanae","Sapindales","Sapindaceae",13
"122","Dodonaea","viscosa",0.31,161.7,32.5,5.08574276658306,-5.82360605234158,"Equisetopsida","Rosanae","Sapindales","Sapindaceae",13
"123","Dodonaea","viscosa",0.84,141.1,206.6,4.94946885885877,-5.67949133097509,"Equisetopsida","Rosanae","Sapindales","Sapindaceae",13
"124","Dysoxylum","papuanum",1.5,76,3250.8,4.33073334028633,-7.27572618266272,"Equisetopsida","Rosanae","Sapindales","Meliaceae",6
"125","Englerophytum","natalens",1.2,69.5,2041.9,4.24132675257075,-7.25699291234108,"Equisetopsida","Asteranae","Ericales","Sapotaceae",5
"126","Eriostemon","australasius",0.78,153.4,118.5,5.03304888893316,-5.27183567917219,"Equisetopsida","Rosanae","Sapindales","Rutaceae",10
"127","Erythrina","herbacea",0.84,40.9,1902.8,3.71113006304876,-7.89978853884768,"Equisetopsida","Rosanae","Fabales","Fabaceae",32
"128","Eucalyptus","dumosa",1.59,357,1110,5.87773578177964,-6.0846472618421,"Equisetopsida","Rosanae","Myrtales","Myrtaceae",42
"129","Eucalyptus","gammophylla",2.3,232.8,4401.8,5.45017971585728,-6.72395058129036,"Equisetopsida","Rosanae","Myrtales","Myrtaceae",42
"130","Eucalyptus","gillenii",2.6,277,2630.6,5.62401750618734,-5.96394434597981,"Equisetopsida","Rosanae","Myrtales","Myrtaceae",42
"131","Eucalyptus","haemostoma",1.93,275.4,1795.3,5.61822458629455,-6.17788741204319,"Equisetopsida","Rosanae","Myrtales","Myrtaceae",42
"132","Eucalyptus","incrassata",2.4,362,1430.4,5.89164421182577,-5.51477192971145,"Equisetopsida","Rosanae","Myrtales","Myrtaceae",42
"133","Eucalyptus","intertexta",1,151,585.6,5.01727983681492,-6.3726369626471,"Equisetopsida","Rosanae","Myrtales","Myrtaceae",42
"134","Eucalyptus","marginata",1.91,113.2,2463,4.72915616576908,-6.51492891400346,"Equisetopsida","Rosanae","Myrtales","Myrtaceae",42
"135","Eucalyptus","miniata",2.7,172.1,7151.7,5.14807570321749,-6.88860182364429,"Equisetopsida","Rosanae","Myrtales","Myrtaceae",42
"136","Eucalyptus","nitida",1.34,194.5,1508.5,5.2704321630585,-6.73353183067348,"Equisetopsida","Rosanae","Myrtales","Myrtaceae",42
"137","Eucalyptus","obliqua",1.775,189.4,3557.2,5.24386118075198,-7.02912815167073,"Equisetopsida","Rosanae","Myrtales","Myrtaceae",42
"138","Eucalyptus","oblongifolia",2.9,131.7,4094.8,4.88052660874924,-6.18805168106076,"Equisetopsida","Rosanae","Myrtales","Myrtaceae",42
"139","Eucalyptus","platyphylla",2.58,139.5,4511,4.93806460126142,-6.51869533954134,"Equisetopsida","Rosanae","Myrtales","Myrtaceae",42
"140","Eucalyptus","socialis",1.22,269.8,586.7,5.59768094377366,-5.97681189844148,"Equisetopsida","Rosanae","Myrtales","Myrtaceae",42
"141","Eucalyptus","sp",2.275,245.05,2217.05,5.50146227135556,-6.05997265755572,"Equisetopsida","Rosanae","Myrtales","Myrtaceae",42
"142","Eucalyptus","sp",1.79,130.8,2898.2,4.8736694390231,-6.8074138939065,"Equisetopsida","Rosanae","Myrtales","Myrtaceae",42
"143","Eucalyptus","sp",2.1,165,3880.6,5.10594547390058,-6.77987037037842,"Equisetopsida","Rosanae","Myrtales","Myrtaceae",42
"144","Eucalyptus","sp",2.24,153.1,3516,5.03109130266364,-6.55212752707117,"Equisetopsida","Rosanae","Myrtales","Myrtaceae",42
"145","Eucalyptus","sp",2,147.1,2635.5,4.99111262760739,-6.49053383517537,"Equisetopsida","Rosanae","Myrtales","Myrtaceae",42
"146","Eucalyptus","umbra",1.8,205.8,3938.7,5.32690482339995,-7.10303266880394,"Equisetopsida","Rosanae","Myrtales","Myrtaceae",42
"147","Euclea","undulata",1,255.4,193.3,5.54283094359844,-5.26424338621429,"Equisetopsida","Asteranae","Ericales","Ebenaceae",5
"148","Eugenia","galalonensis",1.14,57.8,1482.6,4.05698877567833,-7.03949605740981,"Equisetopsida","Rosanae","Myrtales","Myrtaceae",42
"149","Eugenia","nesiotica",0.49,28.6,1275.7,3.35340671782581,-8.57795010229917,"Equisetopsida","Rosanae","Myrtales","Myrtaceae",42
"150","Eugenia","sp",1.68,145.1,1661.8,4.97742315989014,-6.37806904440055,"Equisetopsida","Rosanae","Myrtales","Myrtaceae",42
"151","Eugenia","sp",0.99,85.2,910.8,4.44500143383527,-6.83442400589659,"Equisetopsida","Rosanae","Myrtales","Myrtaceae",42
"152","Eugenia","uniflora",0.81,36.1,531.4,3.58629286533884,-6.69695709595702,"Equisetopsida","Rosanae","Myrtales","Myrtaceae",42
"153","Fagus","grandifolia",1.12142857142857,39.3,4560.37142857143,3.67122451887522,-8.19595258734734,"Equisetopsida","Rosanae","Fagales","Fagaceae",24
"154","Faramea","occidentalis",1.73,65.6,3521,4.18357569595004,-7.07025750213568,"Equisetopsida","Asteranae","Gentianales","Rubiaceae",11
"155","Ficus","aurea",1.95,122,4532.7,4.80402104473326,-7.08341432226259,"Equisetopsida","Rosanae","Rosales","Moraceae",9
"156","Ficus","citrifolia",1.95,98.6,5094.1,4.59107126160859,-7.20017954113377,"Equisetopsida","Rosanae","Rosales","Moraceae",9
"157","Fraxinus","americana",0.958,48.68,2652.88,3.88526826811933,-7.96921612332426,"Equisetopsida","Asteranae","Lamiales","Oleaceae",12
"158","Fraxinus","pennsylvanica",1.005,36.85,3691.95,3.60685561863535,-8.20393496971373,"Equisetopsida","Asteranae","Lamiales","Oleaceae",12
"159","Fraxinus","sp",1.37,41.3,4756.8,3.72086249996699,-7.83770897256377,"Equisetopsida","Asteranae","Lamiales","Oleaceae",12
"160","Fraxinus","sp",1.14,47.7,3865.1,3.8649313978943,-7.99768630909522,"Equisetopsida","Asteranae","Lamiales","Oleaceae",12
"161","Gastrolobium","sp",1.29,142.3,97.6,4.95793750509581,-4.07159305667188,"Equisetopsida","Rosanae","Fabales","Fabaceae",32
"162","Gaultheria","hispida",1.265,180.2,222.6,5.19406734517424,-4.93523219448248,"Equisetopsida","Asteranae","Ericales","Ericaceae",25
"163","Geijera","parviflora",0.7,185.4,393.4,5.22251565313175,-6.68817679383242,"Equisetopsida","Rosanae","Sapindales","Rutaceae",10
"164","Greenwayodendron","suaveolens",1.47,34.2,3411.8,3.53222564406856,-7.36447048866513,"Equisetopsida","Magnolianae","Magnoliales","Annonaceae",7
"165","Grevillea","buxifolia",1.04,120.5,61.1,4.79164975293071,-4.03407043987099,"Equisetopsida","Proteanae","Proteales","Proteaceae",25
"166","Grevillea","quercifolia",1.15,108.6,1834.8,4.68767140749983,-7.2351668779727,"Equisetopsida","Proteanae","Proteales","Proteaceae",25
"167","Grevillea","speciosa",0.985,165.3,105.9,5.10776200482698,-4.69272252822746,"Equisetopsida","Proteanae","Proteales","Proteaceae",25
"168","Guarea","sp",1.49,54.1,6214.7,3.99083418585244,-7.93712049255127,"Equisetopsida","Rosanae","Sapindales","Meliaceae",6
"169","Hakea","dactyloides",1.59,316.1,637.1,5.75605861922157,-5.52945859665816,"Equisetopsida","Proteanae","Proteales","Proteaceae",25
"170","Helietta","parvifolia",1.48,108.5,423.9,4.68675017298051,-5.26541340280654,"Equisetopsida","Rosanae","Sapindales","Rutaceae",10
"171","Hevea","guianensis",1.6,27.5,5088.6,3.31418600467253,-7.59475076410424,"Equisetopsida","Rosanae","Malpighiales","Euphorbiaceae",12
"172","Hyalis","argentea",2.05,103.6,175.9,4.64053732982538,-3.73423606544288,"Equisetopsida","Asteranae","Asterales","Asteraceae",11
"173","Ilex","coriacea",1.55,106.3,2437.7,4.6662652853479,-6.92230038892572,"Equisetopsida","Asteranae","Aquifoliales","Aquifoliaceae",7
"174","Ilex","decidua",0.706666666666667,85.9666666666667,429.533333333333,4.45395962421919,-6.75709174800481,"Equisetopsida","Asteranae","Aquifoliales","Aquifoliaceae",7
"175","Ilex","laevigata",0.89,44.7,807.9,3.79997350161952,-6.92750592099757,"Equisetopsida","Asteranae","Aquifoliales","Aquifoliaceae",7
"176","Ilex","opaca",1.33166666666667,144.483333333333,1412.8,4.97316416064654,-6.68046624874944,"Equisetopsida","Asteranae","Aquifoliales","Aquifoliaceae",7
"177","Ilex","verticillata",0.7725,44.025,1036.675,3.78475765438227,-7.46002029547854,"Equisetopsida","Asteranae","Aquifoliales","Aquifoliaceae",7
"178","Ilex","vomitoria",0.73,136.3,332.9,4.91485833870249,-6.43726363426038,"Equisetopsida","Asteranae","Aquifoliales","Aquifoliaceae",7
"179","Inga","marginata",0.86,61.3,1968.2,4.11577984294217,-7.88652047793405,"Equisetopsida","Rosanae","Fabales","Fabaceae",32
"180","Inga","cocleensis",2.25,63.8,5127.1,4.15575319035074,-6.92043504374441,"Equisetopsida","Rosanae","Fabales","Fabaceae",32
"181","Inga","fagifolia",1.37,42.2,4510.5,3.74242022104197,-7.78454181141663,"Equisetopsida","Rosanae","Fabales","Fabaceae",32
"182","Inga","quaternata",1.06,49.3,2913.6,3.89792408104864,-7.86060689272539,"Equisetopsida","Rosanae","Fabales","Fabaceae",32
"183","Inga","sp",0.72,37.7,1142.1,3.62966009445396,-7.69763208600063,"Equisetopsida","Rosanae","Fabales","Fabaceae",32
"184","Jasminum","didymum",0.8,73.5,540.3,4.29728540621879,-6.73841164347844,"Equisetopsida","Asteranae","Lamiales","Oleaceae",12
"185","Kalmia","latifolia",1.815,108.35,1318.8,4.68536672798237,-5.99230657576395,"Equisetopsida","Asteranae","Ericales","Ericaceae",25
"186","Knightia","excelsa",1.7,239.2,3127.9,5.47730002207648,-6.98686062972037,"Equisetopsida","Proteanae","Proteales","Proteaceae",25
"187","Lacmellea","panamensis",1.12,42.1,2944.5,3.74004774068834,-7.76103693177062,"Equisetopsida","Asteranae","Gentianales","Apocynaceae",5
"188","Laetia","procera",1.89,111.9,3196.3,4.71760561531788,-6.79659551167197,"Equisetopsida","Rosanae","Malpighiales","Salicaceae",9
"189","Laetia","thamnia",0.84,89.8,1286.9,4.49758497530815,-7.50869827878917,"Equisetopsida","Rosanae","Malpighiales","Salicaceae",9
"190","Lambertia","formosa",0.68,260.8,158,5.5637538300525,-5.83391999465094,"Equisetopsida","Proteanae","Proteales","Proteaceae",25
"191","Lasiopetalum","ferrugineum",0.83,112.3,658,4.7211738617444,-6.8618640877083,"Equisetopsida","Rosanae","Malvales","Malvaceae",9
"192","Ledum","groenlandicum",1.59,125.5,1190.9,4.83230575857184,-6.15499657030967,"Equisetopsida","Asteranae","Ericales","Ericaceae",25
"193","Leptospermum","continentale",0.9,244.5,34.4,5.49921530891493,-3.74877759569501,"Equisetopsida","Rosanae","Myrtales","Myrtaceae",42
"194","Leptospermum","glaucescens",0.52,197,24.4,5.28320372873799,-4.50243606711248,"Equisetopsida","Rosanae","Myrtales","Myrtaceae",42
"195","Leptospermum","nitidum",1.05,153,43,5.03043792139244,-3.6636197873547,"Equisetopsida","Rosanae","Myrtales","Myrtaceae",42
"196","Leucadendron","sp",1.6,208.5,148.6,5.33993904123886,-4.06125087379219,"Equisetopsida","Proteanae","Proteales","Proteaceae",25
"197","Leucopogon","sp",0.5,101.6,37.4,4.62104353514438,-5.00796506554038,"Equisetopsida","Asteranae","Ericales","Ericaceae",25
"198","Leucopogon","sp",0.7,132.7,23.4,4.88809094133816,-3.86608591024112,"Equisetopsida","Asteranae","Ericales","Ericaceae",25
"199","Lindera","benzoin",0.835,28.2,2915.55,3.33932197794407,-8.33846086849475,"Equisetopsida","Magnolianae","Laurales","Lauraceae",8
"200","Litsea","calicaris",1.38,124.4,2154.3,4.82350218030508,-7.03105412544615,"Equisetopsida","Magnolianae","Laurales","Lauraceae",8
"201","Lonchocarpus","latifolius",1.36,54.9,2707.1,4.00551334851548,-7.28866383069946,"Equisetopsida","Rosanae","Fabales","Fabaceae",32
"202","Lyonia","ferruginea",1.005,131.7,539.4,4.88052660874924,-6.28048232768355,"Equisetopsida","Asteranae","Ericales","Ericaceae",25
"203","Lyonia","ligustrina",1.1,49.2,1528.5,3.89589362349826,-7.14142178172224,"Equisetopsida","Asteranae","Ericales","Ericaceae",25
"204","Lyonia","ligustrina",1.08,98,670.3,4.58496747867057,-6.35380329109165,"Equisetopsida","Asteranae","Ericales","Ericaceae",25
"205","Lyonia","lucida",1.87,96.1,1630.4,4.56538931597625,-6.14470380073547,"Equisetopsida","Asteranae","Ericales","Ericaceae",25
"206","Lyonia","mariana",1.23,106.4,777.6,4.66720557690754,-6.24218391437758,"Equisetopsida","Asteranae","Ericales","Ericaceae",25
"207","Mabea","occidentalis",1.11,91,1401.9,4.51085950651685,-7.036863707726,"Equisetopsida","Rosanae","Malpighiales","Euphorbiaceae",12
"208","Maquira","costaricana",1.82,31.4,9743.9,3.44680789291421,-7.98672372499383,"Equisetopsida","Rosanae","Rosales","Moraceae",9
"209","Melaleuca","squarrosa",1.26,148.6,52.6,5.00125813228366,-3.50049267781689,"Equisetopsida","Rosanae","Myrtales","Myrtaceae",42
"210","Melaleuca","uncinata",0.8,373,32.4,5.92157841964382,-3.9244455254267,"Equisetopsida","Rosanae","Myrtales","Myrtaceae",42
"211","Metrosideros","polymorpha",1.82,152.3,787.5,5.02585225990112,-5.47119036852238,"Equisetopsida","Rosanae","Myrtales","Myrtaceae",42
"212","Monanthotaxis","caffra",1.4,46.4,1488.7,3.83729945923221,-6.63271406164059,"Equisetopsida","Magnolianae","Magnoliales","Annonaceae",7
"213","Monotoca","glauca",0.75,166.3,39.2,5.11379338619888,-4.24404089169998,"Equisetopsida","Asteranae","Ericales","Ericaceae",25
"214","Morus","rubra",1.155,32.35,11698.95,3.47661402094691,-9.07905368522139,"Equisetopsida","Rosanae","Rosales","Moraceae",9
"215","Myrcia","gatunensis",1.05,68.3,1597.8,4.22390976657674,-7.27880263370908,"Equisetopsida","Rosanae","Myrtales","Myrtaceae",42
"216","Myrtus","communis",0.81,103,338.1,4.63472898822964,-6.24478377234515,"Equisetopsida","Rosanae","Myrtales","Myrtaceae",42
"217","Nematolepis","squamea",1.16,139.5,403.3,4.93806460126142,-5.70284069164278,"Equisetopsida","Rosanae","Sapindales","Rutaceae",10
"218","Nemopanthus","mucronatus",0.5,42.1,526,3.74004774068834,-7.6515955738576,"Equisetopsida","Asteranae","Aquifoliales","Aquifoliaceae",7
"219","Nerium","oleander",2.82,150.2,2938.9,5.01196773933003,-5.91231687076137,"Equisetopsida","Asteranae","Gentianales","Apocynaceae",5
"220","Nestegis","sandwicensis",2.72,224.4,2743.3,5.41343017364854,-5.91565309364509,"Equisetopsida","Asteranae","Lamiales","Oleaceae",12
"221","Nyssa","aquatica",1.55,69.2,2717.2,4.23700086262362,-7.03084735545484,"Equisetopsida","Asteranae","Cornales","Cornaceae",7
"222","Nyssa","aquatica",1.295,43.6,5014.8,3.77505715035499,-8.00312742893887,"Equisetopsida","Asteranae","Cornales","Cornaceae",7
"223","Nyssa","sylvatica",1.142,46.06,2548.8,3.82994489439254,-7.57781571668815,"Equisetopsida","Asteranae","Cornales","Cornaceae",7
"224","Ocotea","cernua",1.33,56.1,3820.6,4.02713581252865,-7.67780487286223,"Equisetopsida","Magnolianae","Laurales","Lauraceae",8
"225","Olea","europaea",1.07,164.2,525.1,5.10108519701833,-6.12827142369618,"Equisetopsida","Asteranae","Lamiales","Oleaceae",12
"226","Olearia","argophylla",2.12,120,3123.6,4.78749174278205,-6.54390928442068,"Equisetopsida","Asteranae","Asterales","Asteraceae",11
"227","Olearia","elliptica",1.4,93.7,690.7,4.54009818924438,-5.8647611028525,"Equisetopsida","Asteranae","Asterales","Asteraceae",11
"228","Olearia","persoonioides",1.13,180.7,174.1,5.19683819759818,-4.91519458132565,"Equisetopsida","Asteranae","Asterales","Asteraceae",11
"229","Olmedia","aspera",1.94,50.5,21147.1,3.92197333628131,-8.63388211308347,"Equisetopsida","Rosanae","Rosales","Moraceae",9
"230","Orites","acicularis",0.62,545.5,33,6.30170280527313,-4.45257916335248,"Equisetopsida","Proteanae","Proteales","Proteaceae",25
"231","Orites","milliganii",1.5,299.6,264.5,5.70244825164306,-4.76691103508203,"Equisetopsida","Proteanae","Proteales","Proteaceae",25
"232","Orites","revoluta",0.86,421.3,28.6,6.04334516898497,-3.65505249729497,"Equisetopsida","Proteanae","Proteales","Proteaceae",25
"233","Osmanthus","americanus",2.04666666666667,139.8,2569.13333333333,4.94021282979971,-6.41889898965054,"Equisetopsida","Asteranae","Lamiales","Oleaceae",12
"234","Ostrya","virginiana",0.87875,42.625,2231.425,3.75244093560368,-7.96890534553944,"Equisetopsida","Rosanae","Fagales","Betulaceae",7
"235","Oxydendrum","arboreum",0.6,31.5,2161.2,3.44998754583159,-8.70007014950189,"Equisetopsida","Asteranae","Ericales","Ericaceae",25
"236","Oxylobium","ellipticum",1.05,153.8,151.1,5.03565305707154,-4.92036154093983,"Equisetopsida","Rosanae","Fabales","Fabaceae",32
"237","Persea","borbonia",1.4625,110.125,2074.225,4.70161608425634,-6.8770482686749,"Equisetopsida","Magnolianae","Laurales","Lauraceae",8
"238","Persea","sp",1.06,162,663,5.08759633523238,-6.38023717393791,"Equisetopsida","Magnolianae","Laurales","Lauraceae",8
"239","Persoonia","gunnii",1.575,239.05,120.5,5.47667273507211,-3.88313920837552,"Equisetopsida","Asteranae","Asterales","Asteraceae",11
"240","Persoonia","gunnii",1.575,239.05,120.5,5.47667273507211,-3.88313920837552,"Equisetopsida","Proteanae","Proteales","Proteaceae",25
"241","Persoonia","lanceolata",1.5,233,544.3,5.4510384535657,-5.48857034922383,"Equisetopsida","Asteranae","Asterales","Asteraceae",11
"242","Persoonia","lanceolata",1.5,233,544.3,5.4510384535657,-5.48857034922383,"Equisetopsida","Proteanae","Proteales","Proteaceae",25
"243","Persoonia","levis",1.27,209.3,2552.5,5.34376862945195,-7.36679474909782,"Equisetopsida","Asteranae","Asterales","Asteraceae",11
"244","Persoonia","levis",1.27,209.3,2552.5,5.34376862945195,-7.36679474909782,"Equisetopsida","Proteanae","Proteales","Proteaceae",25
"245","Persoonia","sp",1.45,174.5,627.8,5.16192474164248,-5.69909453154289,"Equisetopsida","Asteranae","Asterales","Asteraceae",11
"246","Persoonia","sp",1.45,174.5,627.8,5.16192474164248,-5.69909453154289,"Equisetopsida","Proteanae","Proteales","Proteaceae",25
"247","Phillyrea","latifolia",0.95,164.75,239.75,5.10442917338262,-5.58218330253865,"Equisetopsida","Asteranae","Lamiales","Oleaceae",12
"248","Philotheca","difformis",0.37,316.6,5.4,5.75763914744691,-3.67490350025796,"Equisetopsida","Rosanae","Sapindales","Rutaceae",10
"249","Phlomis","purpurea",1.68,137.7,814,4.92507740573461,-5.66437277917221,"Equisetopsida","Asteranae","Lamiales","Lamiaceae",4
"250","Photinia","pyrifolia",1.09,68.3,1381.8,4.22390976657674,-7.05878688357259,"Equisetopsida","Rosanae","Rosales","Rosaceae",13
"251","Phyllanthus","mocinianus",0.32,26.2,727.5,3.26575941076705,-8.86848256542238,"Equisetopsida","Rosanae","Malpighiales","Euphorbiaceae",12
"252","Phyllota","phylicoides",0.28,137.3,12.2,4.92216831277393,-5.04736730336499,"Equisetopsida","Rosanae","Fabales","Fabaceae",32
"253","Pimelea","linifolia",0.5,106.7,35.3,4.67002115830771,-4.95017732505914,"Equisetopsida","Rosanae","Malvales","Thymelaeaceae",7
"254","Pimelea","microcephala",0.49,119.5,39.8,4.78331637137157,-5.11056668804532,"Equisetopsida","Rosanae","Malvales","Thymelaeaceae",7
"255","Pittosporum","bicolor",1.1,135,290.3,4.90527477843843,-5.48029451142193,"Equisetopsida","Asteranae","Apiales","Pittosporaceae",4
"256","Pittosporum","eugenioides",1.53,105.2,1855,4.65586330030361,-6.67510450423285,"Equisetopsida","Asteranae","Apiales","Pittosporaceae",4
"257","Pittosporum","tenuifolium",1.06,134.2,1228.4,4.89933122453758,-6.99692997231872,"Equisetopsida","Asteranae","Apiales","Pittosporaceae",4
"258","Pleiocarpa","bicarpellata",1.9,56.1,5197.8,4.02713581252865,-7.27228296577936,"Equisetopsida","Asteranae","Gentianales","Apocynaceae",5
"259","Polyalthia","australis",2.5,54.3,8823.6,3.99452422693989,-7.25260376524187,"Equisetopsida","Magnolianae","Magnoliales","Annonaceae",7
"260","Pomaderris","apetala",1.48,109.2,1300.7,4.6931810633108,-6.38657368451765,"Equisetopsida","Rosanae","Rosales","Rhamnaceae",5
"261","Pomaderris","ferruginea",1.14,137.3,1069.2,4.92216831277393,-6.71260945945196,"Equisetopsida","Rosanae","Rosales","Rhamnaceae",5
"262","Populus","alba",0.84,102.4,1232.6,4.62888671260541,-7.4655878128177,"Equisetopsida","Rosanae","Malpighiales","Salicaceae",9
"263","Populus","grandidentata",1.48,88.1,3962.92,4.47847253294213,-7.50065223070741,"Equisetopsida","Rosanae","Malpighiales","Salicaceae",9
"264","Populus","tremuloides",1.0275,92.875,1987.775,4.53125450303792,-7.54051386696033,"Equisetopsida","Rosanae","Malpighiales","Salicaceae",9
"265","Posoqueria","latifolia",2.95,120,9279.1,4.78749174278205,-6.97190949761504,"Equisetopsida","Asteranae","Gentianales","Rubiaceae",11
"266","Pouteria","sericea",1.2,94.9,1157.8,4.55282370561588,-6.689633818057,"Equisetopsida","Asteranae","Ericales","Sapotaceae",5
"267","Pouteria","sp",1.5,74.5,5499.9,4.31079912538551,-7.80155497302076,"Equisetopsida","Asteranae","Ericales","Sapotaceae",5
"268","Pouteria","stipitata",0.7,78.3,2405.2,4.36054760299676,-8.49873822704288,"Equisetopsida","Asteranae","Ericales","Sapotaceae",5
"269","Protium","sp",2.5,48.1,15068.7,3.87328217711172,-7.78779356005041,"Equisetopsida","Rosanae","Sapindales","Burseraceae",5
"270","Protium","tenuifolium",1.46,48.8,9837.1,3.8877303128591,-8.43704335972152,"Equisetopsida","Rosanae","Sapindales","Burseraceae",5
"271","Prunus","avium",0.99,45,3177,3.80666248977032,-8.08379330597652,"Equisetopsida","Rosanae","Rosales","Rosaceae",13
"272","Prunus","laurocerasus",2.22,130.4,2826.4,4.87060664949255,-6.35174470427656,"Equisetopsida","Rosanae","Rosales","Rosaceae",13
"273","Prunus","pensylvanica",1.145,64.9,2694.7,4.17284762371004,-7.62823288588029,"Equisetopsida","Rosanae","Rosales","Rosaceae",13
"274","Prunus","serotina",0.988888888888889,60.3777777777778,2065.33333333333,4.10062111965603,-7.6553935140649,"Equisetopsida","Rosanae","Rosales","Rosaceae",13
"275","Pseudolmedia","laevis",2,55.7,6728.9,4.01998014693324,-7.42787260090881,"Equisetopsida","Rosanae","Rosales","Moraceae",9
"276","Pseudopanax","arboreus",1.92,176.1,3720.8,5.17105201550216,-6.91704360583051,"Equisetopsida","Asteranae","Apiales","Araliaceae",5
"277","Pseudopanax","crassifolius",2.97,316.1,3050,5.75605861922157,-5.84577296397224,"Equisetopsida","Asteranae","Apiales","Araliaceae",5
"278","Psychotria","sulzneri",1.18,42.2,1463.2,3.74242022104197,-6.95735222012151,"Equisetopsida","Asteranae","Gentianales","Rubiaceae",11
"279","Psychotria","carthagenesis",2.3,41.8,3777.2,3.73289633953071,-6.57092002751871,"Equisetopsida","Asteranae","Gentianales","Rubiaceae",11
"280","Psychotria","horizontalis",1.26,54.7,1905.3,4.00186370942794,-7.09017131355027,"Equisetopsida","Asteranae","Gentianales","Rubiaceae",11
"281","Psychotria","marginata",1,61.5,2232,4.11903717481247,-7.7106533235012,"Equisetopsida","Asteranae","Gentianales","Rubiaceae",11
"282","Pterocarpus","rohrii",0.8,28.5,2312,3.3499040872746,-8.19215533242069,"Equisetopsida","Rosanae","Fabales","Fabaceae",32
"283","Pultenaea","juniperina",0.6,130.3,16.1,4.8698394841308,-3.8004705195224,"Equisetopsida","Rosanae","Fabales","Fabaceae",32
"284","Pultenaea","obcordata",0.78,94.6,96.2,4.54965747605783,-5.06335207626866,"Equisetopsida","Rosanae","Fabales","Fabaceae",32
"285","Quararibea","asterolepis",2.2,43,6293.7,3.76120011569356,-7.1703896913175,"Equisetopsida","Rosanae","Malvales","Malvaceae",9
"286","Quararibea","wittii",2.5,45.5,9338.9,3.8177123259569,-7.30936228751952,"Equisetopsida","Rosanae","Malvales","Malvaceae",9
"287","Quercus","alba",1.30166666666667,72.8333333333333,5846.73333333333,4.28817372586754,-8.14634739045453,"Equisetopsida","Rosanae","Fagales","Fagaceae",24
"288","Quercus","alba",0.93,45.6,4486,3.81990771652034,-8.55385810074982,"Equisetopsida","Rosanae","Fagales","Fagaceae",24
"289","Quercus","calliprinos",1,175.4,415.45,5.16706907993808,-6.02936227011099,"Equisetopsida","Rosanae","Fagales","Fagaceae",24
"290","Quercus","canariensis",1.32,109.6,2830.7,4.69683737451392,-7.39301583667812,"Equisetopsida","Rosanae","Fagales","Fagaceae",24
"291","Quercus","coccinea",1.79,90.4,15009.7,4.50424426739813,-8.45202069804689,"Equisetopsida","Rosanae","Fagales","Fagaceae",24
"292","Quercus","falcata",1.37,122.2,2952.3,4.8056590467375,-7.36071832689298,"Equisetopsida","Rosanae","Fagales","Fagaceae",24
"293","Quercus","geminata",1.20666666666667,190.5,1040.93333333333,5.24965219456676,-6.57214955123889,"Equisetopsida","Rosanae","Fagales","Fagaceae",24
"294","Quercus","hemisphaerica",0.833333333333333,111.433333333333,821.466666666667,4.71342650475794,-7.07573447406021,"Equisetopsida","Rosanae","Fagales","Fagaceae",24
"295","Quercus","ilicifolia",1.16,59.8,5429.3,4.09100566095659,-8.30272548093755,"Equisetopsida","Rosanae","Fagales","Fagaceae",24
"296","Quercus","laevis",1.6,110.8,8941.4,4.70772677431318,-8.15844019696823,"Equisetopsida","Rosanae","Fagales","Fagaceae",24
"297","Quercus","laurifolia",1.08666666666667,99.5,1208.96666666667,4.60015764416455,-6.93129146581838,"Equisetopsida","Rosanae","Fagales","Fagaceae",24
"298","Quercus","lyrata",0.94,55.3,4809.8,4.01277290852829,-8.60216158962993,"Equisetopsida","Rosanae","Fagales","Fagaceae",24
"299","Quercus","michauxii",1.25333333333333,56.1666666666667,7788.33333333333,4.02832346112431,-8.50876882899903,"Equisetopsida","Rosanae","Fagales","Fagaceae",24
"300","Quercus","nigra",1.044,95.74,1712.86,4.56163618396436,-7.35980078810068,"Equisetopsida","Rosanae","Fagales","Fagaceae",24
"301","Quercus","palustris",1.25,85.9,4979.15,4.45318382899021,-8.0667273700914,"Equisetopsida","Rosanae","Fagales","Fagaceae",24
"302","Quercus","phellos",0.86,89.65,892.25,4.49591320005114,-7.09539214183944,"Equisetopsida","Rosanae","Fagales","Fagaceae",24
"303","Quercus","phellos",1.3,105.4,2223.7,4.65776263610726,-7.1821992252504,"Equisetopsida","Rosanae","Fagales","Fagaceae",24
"304","Quercus","prinus",1.50666666666667,85.2666666666667,6780.9,4.44578360047663,-8.00206570513559,"Equisetopsida","Rosanae","Fagales","Fagaceae",24
"305","Quercus","rubra",1.248,71.54,5129.18,4.27025673383087,-8.09961654143934,"Equisetopsida","Rosanae","Fagales","Fagaceae",24
"306","Quercus","stellata",1.25,58.3,9787.9,4.06560209335645,-8.74261510529021,"Equisetopsida","Rosanae","Fagales","Fagaceae",24
"307","Quercus","suber",0.7,142.4,293.7,4.95863999897788,-6.39590872608204,"Equisetopsida","Rosanae","Fagales","Fagaceae",24
"308","Quercus","velutina",1.32,59.6,4271.6,4.0876555740713,-7.80448027010083,"Equisetopsida","Rosanae","Fagales","Fagaceae",24
"309","Randia","laevigata",1.1,38,513.3,3.63758615972639,-6.05024010995761,"Equisetopsida","Asteranae","Gentianales","Rubiaceae",11
"310","Rhododendron","maximum",2.58,194.2,2572.2,5.26888855585722,-5.95693804496493,"Equisetopsida","Asteranae","Ericales","Ericaceae",25
"311","Rhododendron","periclymenoides",1.76,139.5,1314.6,4.93806460126142,-6.05066009772935,"Equisetopsida","Asteranae","Ericales","Ericaceae",25
"312","Rhododendron","prinophyllum",0.81,44.5,758.5,3.79548918917219,-7.05278486141989,"Equisetopsida","Asteranae","Ericales","Ericaceae",25
"313","Robinia","sp",0.86,64.8,666.4,4.17130560335823,-6.8035358703218,"Equisetopsida","Rosanae","Fabales","Fabaceae",32
"314","Salix","discolor",1.47,114.2,1529.1,4.73795129722191,-6.56190980443282,"Equisetopsida","Rosanae","Malpighiales","Salicaceae",9
"315","Salix","lucida",1.08,94.4,493.1,4.54754107315146,-6.04678991095782,"Equisetopsida","Rosanae","Malpighiales","Salicaceae",9
"316","Sambucus","pubens",1.44,34.8,3299.9,3.54961738678043,-7.3723612167893,"Equisetopsida","Asteranae","Dipsacales","Adoxaceae",10
"317","Sassafras","albidum",1.1075,40.225,6623.725,3.69448869287845,-8.5942027336285,"Equisetopsida","Magnolianae","Laurales","Lauraceae",8
"318","Sideroxylon","celastrina",0.9,113.3,396.2,4.73003916803396,-6.1926401655801,"Equisetopsida","Asteranae","Ericales","Sapotaceae",5
"319","Sorbus","americana",0.85,61,1128.5,4.11087386417331,-7.35368245525314,"Equisetopsida","Rosanae","Rosales","Rosaceae",13
"320","Sorocea","affinis",2.14,44.8,2759.6,3.80220813942094,-6.40122936260443,"Equisetopsida","Rosanae","Rosales","Moraceae",9
"321","Sorocea","piliata",2.28,53.2,16907.6,3.9740583963476,-8.08716761803388,"Equisetopsida","Rosanae","Rosales","Moraceae",9
"322","Spartothamnella","puberula",0.42,122.6,23.3,4.80892702350211,-4.8834544959811,"Equisetopsida","Asteranae","Lamiales","Lamiaceae",4
"323","Spirostachys","africana",0.8,66.2,573.8,4.19268046294296,-6.79856800617568,"Equisetopsida","Rosanae","Malpighiales","Euphorbiaceae",12
"324","Swartzia","panamensis",1.46,61,7951.5,4.11087386417331,-8.22424299765548,"Equisetopsida","Rosanae","Fabales","Fabaceae",32
"325","Swartzia","simplex",2.58,57.7,12798.3,4.05525717351405,-7.56148883072029,"Equisetopsida","Rosanae","Fabales","Fabaceae",32
"326","Syncarpia","glomulifera",1.27,140.6,1065,4.94591897937656,-6.49269627720253,"Equisetopsida","Rosanae","Myrtales","Myrtaceae",42
"327","Synoum","glandulosum",1.07,127.1,710.3,4.84497417819541,-6.43037011905613,"Equisetopsida","Rosanae","Sapindales","Meliaceae",6
"328","Syringa","vulgaris",2.96,71.4,5432.8,4.26829786934554,-6.42983139712764,"Equisetopsida","Asteranae","Lamiales","Oleaceae",12
"329","Syzygium","sayeri",2.7,108.7,5374.5,4.68859179412716,-6.60291727939255,"Equisetopsida","Rosanae","Myrtales","Myrtaceae",42
"330","Syzygium","sp",2.01,60.9,11217.1,4.10923317471585,-7.92892523450319,"Equisetopsida","Rosanae","Myrtales","Myrtaceae",42
"331","Tabernaemontana","arborea",1.83,88.1,5427.4,4.47847253294213,-7.39058354318697,"Equisetopsida","Asteranae","Gentianales","Apocynaceae",5
"332","Talisia","nervosa",2.56,57.6,19084.5,4.05352256770185,-7.97661724926792,"Equisetopsida","Rosanae","Sapindales","Sapindaceae",13
"333","Telopea","truncata",2.06,225.8,496.6,5.41964965171556,-4.76237290747109,"Equisetopsida","Proteanae","Proteales","Proteaceae",25
"334","Tetragastris","panamensis",1.51,133,4458.7,4.89034912822175,-7.57839322105132,"Equisetopsida","Rosanae","Sapindales","Burseraceae",5
"335","Tetrathylacium","johansenii",1.39,79.1,6446.7,4.37071287477361,-8.11271615667142,"Equisetopsida","Rosanae","Malpighiales","Salicaceae",9
"336","Tilia","americana",1.7475,33.4,10669.475,3.50855589998265,-8.15876974945967,"Equisetopsida","Rosanae","Malvales","Malvaceae",9
"337","Trattinnickia","aspera",2.72,144.2,11602.8,4.97120122485085,-7.35773796666169,"Equisetopsida","Rosanae","Sapindales","Burseraceae",5
"338","Trema","lamarckianum",1.21,91.6,649.3,4.51743127168008,-6.09465414029714,"Equisetopsida","Rosanae","Rosales","Cannabaceae",4
"339","Trichilia","cipo",1.09,54.2,3565.3,3.9926809084456,-8.00664808829841,"Equisetopsida","Rosanae","Sapindales","Meliaceae",6
"340","Trichilia","hyeronimyi",1.3,80.1,1717.1,4.38327585407431,-6.92366357138477,"Equisetopsida","Rosanae","Sapindales","Meliaceae",6
"341","Trichilia","pallida",1.91,40.8,22147.1,3.70868208141012,-8.71125535727681,"Equisetopsida","Rosanae","Sapindales","Meliaceae",6
"342","Trichospermum","galeottii",1.33,66.2,2139.7,4.19268046294296,-7.09806302680558,"Equisetopsida","Rosanae","Malvales","Malvaceae",9
"343","Trochocarpa","cunninghamii",0.55,154.3,28.8,5.03889875936911,-4.55604938865314,"Equisetopsida","Asteranae","Ericales","Ericaceae",25
"344","Vaccinium","arboreum",1.04,89.8,683.6,4.49758497530815,-6.44893152493487,"Equisetopsida","Asteranae","Ericales","Ericaceae",25
"345","Vaccinium","arboreum",1.08,83.2,261,4.42124734782716,-5.41059832505044,"Equisetopsida","Asteranae","Ericales","Ericaceae",25
"346","Vaccinium","corymbosum",0.954,57.94,1193.66,4.0594079923412,-7.17896271135031,"Equisetopsida","Asteranae","Ericales","Ericaceae",25
"347","Vaccinium","fuscatum",1.03,54.1,1138.2,3.99083418585244,-6.97808574168593,"Equisetopsida","Asteranae","Ericales","Ericaceae",25
"348","Vaccinium","sp",1.13,76.55,560.8,4.33794412210369,-6.08492907027188,"Equisetopsida","Asteranae","Ericales","Ericaceae",25
"349","Viburnum","lentago",0.88,54,1666.8,3.98898404656427,-7.67432764256807,"Equisetopsida","Asteranae","Dipsacales","Adoxaceae",10
"350","Viburnum","acerifolia",1.14,29.3,2813.2,3.37758751602302,-7.68002137962105,"Equisetopsida","Asteranae","Dipsacales","Adoxaceae",10
"351","Viburnum","alnifolium",2.27,29.8,10751.9,3.39450839351136,-7.64327809913782,"Equisetopsida","Asteranae","Dipsacales","Adoxaceae",10
"352","Viburnum","cassanoides",1.26,48.9,1418.7,3.88977739648083,-6.79527279639117,"Equisetopsida","Asteranae","Dipsacales","Adoxaceae",10
"353","Viburnum","davidii",1.16,78.5,751.8,4.36309862478836,-6.32563032089353,"Equisetopsida","Asteranae","Dipsacales","Adoxaceae",10
"354","Viburnum","opulus",1.06,65.7,1613.5,4.18509892549057,-7.26962319524406,"Equisetopsida","Asteranae","Dipsacales","Adoxaceae",10
"355","Viburnum","rafinesquianum",0.7,51.3,851.1,3.93769075217672,-7.45987951836038,"Equisetopsida","Asteranae","Dipsacales","Adoxaceae",10
"356","Viburnum","recognitum",1.35,46.6,4234.9,3.8416005411316,-7.75090580915581,"Equisetopsida","Asteranae","Dipsacales","Adoxaceae",10
"357","Viburnum","sp",2.29,64.7,3810.1,4.16976120150686,-6.58830707936317,"Equisetopsida","Asteranae","Dipsacales","Adoxaceae",10
"358","Vitis","labrusca",1.62,20.8,13897.5,3.03495298670727,-8.57461194833904,"Equisetopsida","Rosanae","Vitales","Vitaceae",4
"359","Vitis","rotundifolia",1.07,46.4,3204.2,3.83729945923221,-7.93690043126498,"Equisetopsida","Rosanae","Vitales","Vitaceae",4
"360","Vitis","rupestris",1.205,43.05,3725.55,3.76236223087374,-7.8500106370358,"Equisetopsida","Rosanae","Vitales","Vitaceae",4
"361","Vitis","vinifera",1.49,65,5685.3,4.17438726989564,-7.84808693532614,"Equisetopsida","Rosanae","Vitales","Vitaceae",4
"362","Xanthostemon","paradoxus",3.5,106.4,4319.6,4.66720557690754,-5.86539214736787,"Equisetopsida","Rosanae","Myrtales","Myrtaceae",42
"363","Xylomelum","occidentalis",2.16,271.7,2925.1,5.6046985164323,-6.4408675037236,"Equisetopsida","Proteanae","Proteales","Proteaceae",25
"364","Xylomelum","pyriforme",1.91,179.7,1824,5.19128879378951,-6.2145806865172,"Equisetopsida","Proteanae","Proteales","Proteaceae",25
"365","Xylopia","macrantha",1.56,38.9,3280.3,3.6609942506244,-7.20631851808741,"Equisetopsida","Magnolianae","Magnoliales","Annonaceae",7
"366","Zanthoxylum","clava",1.12,114,797.5,4.7361984483945,-6.45482446404499,"Equisetopsida","Rosanae","Sapindales","Rutaceae",10
"367","Zieria","arborescens",1.13,80.4,469.2,4.38701417618492,-5.90659385133082,"Equisetopsida","Rosanae","Sapindales","Rutaceae",10
